text,labels
"twin preterm neonates with cardiac toxicity related to lopinavir / ritonavir therapy . we report twin neonates who were born prematurely at 32 weeks of gestation to a mother with human immunodeficiency virus infection . one of the twins developed complete heart block and dilated cardiomyopathy related to lopinavir / ritonavir therapy , a boosted protease - inhibitor agent , while the other twin developed mild bradycardia . we recommend caution in the use of lopinavir / ritonavir in the immediate neonatal period .","O,O,O,O,I-DI,I-DI,O,O,I-CH,I-CH,I-CH,O,O,O,O,O,O,O,O,O,O,O,O,O,O,O,O,O,O,O,I-DI,I-DI,I-DI,I-DI,O,O,O,O,O,O,O,I-DI,I-DI,O,I-DI,I-DI,O,O,I-CH,I-CH,I-CH,O,O,O,O,O,O,O,O,O,O,O,O,O,O,O,I-DI,O,O,O,O,O,O,O,O,I-CH,I-CH,I-CH,O,O,O,O,O,O"
"granulomatous hepatitis due to combination of amoxicillin and clavulanic acid . we report the case of a patient with amoxicillin - clavulanic acid - induced hepatitis with histologic multiple granulomas . this type of lesion broadens the spectrum of liver injury due to this drug combination , mainly represented by a benign cholestatic syndrome . the association of granulomas and eosinophilia favor an immunoallergic mechanism . as penicillin derivatives and amoxicillin alone are known to induce such types of lesions , the amoxicillin component , with or without a potentiating effect of clavulanic acid , might have a major role .","I-DI,I-DI,O,O,I-CH,I-CH,I-CH,I-CH,I-CH,I-CH,O,O,O,O,O,O,O,O,O,I-CH,I-CH,I-CH,I-CH,O,O,I-DI,O,O,O,I-DI,O,O,O,O,O,O,O,O,O,I-DI,I-DI,O,O,O,O,O,O,O,O,O,O,O,I-DI,I-DI,O,O,O,O,I-DI,O,I-DI,O,O,O,O,O,O,I-CH,O,O,I-CH,O,O,O,O,O,O,O,O,O,O,O,I-CH,O,O,O,O,O,O,O,O,O,I-CH,I-CH,O,O,O,O,O,O,O"
"posttransplant anemia : the role of sirolimus . posttransplant anemia is a common problem that may hinder patients ' quality of life . it occurs in 12 to 76 % of patients , and is most common in the immediate posttransplant period . a variety of factors have been identified that increase the risk of posttransplant anemia , of which the level of renal function is most important . sirolimus , a mammalian target of rapamycin inhibitor , has been implicated as playing a special role in posttransplant anemia . this review considers anemia associated with sirolimus , including its presentation , mechanisms , and management .","O,I-DI,O,O,O,O,I-CH,O,O,I-DI,O,O,O,O,O,O,O,O,O,O,O,O,O,O,O,O,O,O,O,O,O,O,O,O,O,O,O,O,O,O,O,O,O,O,O,O,O,O,O,O,O,O,O,O,O,O,I-DI,O,O,O,O,O,O,O,O,O,O,O,O,I-CH,O,O,O,O,O,I-CH,O,O,O,O,O,O,O,O,O,O,O,O,I-DI,O,O,O,O,I-DI,O,O,I-CH,O,O,O,O,O,O,O,O,O,O"
"amiodarone - induced myxoedema coma . a 62 - year - old man was found to have bradycardia , hypothermia and respiratory failure 3 weeks after initiation of amiodarone therapy for atrial fibrillation . thyroid - stimulating hormone was found to be 168 uiu / ml ( nl . 0.3 - 5 uiu / ml ) and free thyroxine ( ft4 ) was < 0.2 ng / dl ( nl . 0.8 - 1.8 ng / dl ) . he received intravenous fluids , vasopressor therapy and stress dose steroids ; he was intubated and admitted to the intensive care unit . he received 500 ug of intravenous levothyroxine in the first 18 h of therapy , and 150 ug intravenous daily thereafter . haemodynamic improvement , along with complete recovery of mental status , occurred after 48 h . twelve hours after the initiation of therapy , ft4 was 0.96 ng / dl . the patient was maintained on levothyroxine 175 ( g poorally daily . a thyroid ultrasound showed diffuse heterogeneity . the 24 hour excretion of iodine was 3657 ( mcg ( 25 - 756 ( mcg ) . the only two cases of amiodarone - induced myxoedema coma in the literature report patient death despite supportive therapy and thyroid hormone replacement . this case represents the most thoroughly investigated case of amiodarone - induced myxoedema coma with a history significant for subclinical thyroid disease .","I-CH,O,O,I-DI,I-DI,O,O,O,O,O,O,O,O,O,O,O,O,I-DI,O,I-DI,O,I-DI,I-DI,O,O,O,O,O,I-CH,O,O,I-DI,I-DI,O,O,O,O,O,O,O,O,O,O,O,O,O,O,O,O,O,O,O,O,O,O,O,O,O,I-CH,O,O,O,O,O,O,O,O,O,O,O,O,O,O,O,O,O,O,O,O,O,O,O,O,O,O,O,O,O,O,I-CH,O,O,O,O,O,O,O,O,O,O,O,O,O,O,O,O,O,O,I-CH,O,O,O,O,O,O,O,O,O,O,O,O,O,O,O,O,O,O,O,O,O,O,O,O,O,O,O,O,O,O,O,O,O,O,O,O,O,O,O,O,O,O,O,O,O,O,O,O,O,O,O,I-CH,O,O,O,O,O,O,O,O,O,O,O,O,O,O,O,O,O,O,I-CH,O,O,O,O,O,O,O,O,O,O,O,O,O,O,O,O,O,I-CH,O,O,I-DI,I-DI,O,O,O,O,O,O,O,O,O,O,O,O,O,O,O,O,O,O,O,O,O,O,O,I-CH,O,O,I-DI,I-DI,O,O,O,O,O,O,I-DI,I-DI,O"
"recurrent myocardial infarction in a postpartum patient receiving bromocriptine . myocardial infarction in puerperium is infrequently reported . spasm , coronary dissection , or atheromatous etiology has been described . bromocriptine has been implicated in several previous case reports of myocardial infarction in the puerperium . our case ( including an inadvertent rechallenge ) suggests such a relationship . although generally regarded as "" safe , "" possible serious cardiac effects of bromocriptine should be acknowledged .","O,I-DI,I-DI,O,O,O,O,O,I-CH,O,I-DI,I-DI,O,O,O,O,O,O,I-DI,O,O,O,O,O,O,O,O,O,O,O,I-CH,O,O,O,O,O,O,O,O,O,I-DI,I-DI,O,O,O,O,O,O,O,O,O,O,O,O,O,O,O,O,O,O,O,O,O,O,O,O,O,O,O,O,O,O,I-CH,O,O,O,O"
"angioedema following the intravenous administration of metoprolol . a 72 - year - old woman was admitted to the hospital with "" flash "" pulmonary edema , preceded by chest pain , requiring intubation . her medical history included coronary artery disease with previous myocardial infarctions , hypertension , and diabetes mellitus . a history of angioedema secondary to lisinopril therapy was elicited . current medications did not include angiotensin - converting enzyme inhibitors or beta - blockers . she had no previous beta - blocking drug exposure . during the first day of hospitalization ( while intubated ) , intravenous metoprolol was given , resulting in severe angioedema . the angioedema resolved after therapy with intravenous steroids and diphenhydramine hydrochloride .","I-DI,O,O,O,O,O,I-CH,O,O,O,O,O,O,O,O,O,O,O,O,O,O,O,O,O,I-DI,I-DI,O,O,O,I-DI,I-DI,O,O,O,O,O,O,O,O,I-DI,I-DI,I-DI,O,O,I-DI,I-DI,O,I-DI,O,O,I-DI,I-DI,O,O,O,O,I-DI,O,O,I-CH,O,O,O,O,O,O,O,O,O,I-CH,O,O,O,O,O,O,O,O,O,O,O,O,O,O,O,O,O,O,O,O,O,O,O,O,O,O,O,O,O,O,O,I-CH,O,O,O,O,O,O,I-DI,O,O,I-DI,O,O,O,O,O,I-CH,O,I-CH,O,O"
"cyclophosphamide associated bladder cancer -- a highly aggressive disease : analysis of 12 cases . purpose : we gained knowledge of the etiology , treatment and prevention of cyclophosphamide associated urothelial cancer . materials and methods : the medical records of 6 men and 6 women ( mean age 55 years ) with cyclophosphamide associated bladder cancer were reviewed . results : all tumors were grade 3 or 4 transitional cell carcinoma . of the 5 patients initially treated with endoscopic resection alone only 1 is alive without disease . of the 6 patients who underwent early cystectomy 4 were alive at 24 to 111 months . the remaining patient with extensive cancer underwent partial cystectomy for palliation and died 3 months later . conclusions : cyclophosphamide associated bladder tumor is an aggressive disease . however , long - term survival is possible when radical cystectomy is performed for bladder tumors with any sign of invasion and for recurrent high grade disease , even when noninvasive .","I-CH,O,I-DI,I-DI,O,O,O,O,O,O,O,O,O,O,O,O,O,O,O,O,O,O,O,O,O,O,O,O,I-CH,O,I-DI,I-DI,O,O,O,O,O,O,O,O,O,O,O,O,O,O,O,O,O,O,O,O,O,I-CH,O,I-DI,I-DI,O,O,O,O,O,O,I-DI,O,O,O,O,O,O,O,I-DI,O,O,O,O,O,O,O,O,O,O,O,O,O,O,O,O,O,O,O,O,O,O,O,O,O,O,O,O,O,O,O,O,O,O,O,O,O,O,O,O,I-DI,O,O,O,O,O,O,O,O,O,O,O,O,O,I-CH,O,I-DI,I-DI,O,O,O,O,O,O,O,O,O,O,O,O,O,O,O,O,O,O,O,I-DI,I-DI,O,O,O,O,O,O,O,O,O,O,O,O,O,O,O,O"
"heparin - induced thrombocytopenia , paradoxical thromboembolism , and other side effects of heparin therapy . although several new anticoagulant drugs are in development , heparin remains the drug of choice for most anticoagulation needs . the clinical effects of heparin are meritorious , but side effects do exist . important untoward effects of heparin therapy including heparin - induced thrombocytopenia , heparin - associated osteoporosis , eosinophilia , skin reactions , allergic reactions other than thrombocytopenia and alopecia will be discussed in this article .","I-CH,O,O,I-DI,O,O,I-DI,O,O,O,O,O,O,I-CH,O,O,O,O,O,O,O,O,O,O,O,I-CH,O,O,O,O,O,O,O,O,O,O,O,O,O,O,I-CH,O,O,O,O,O,O,O,O,O,O,O,O,O,I-CH,O,O,I-CH,O,O,I-DI,O,I-CH,O,O,I-DI,O,I-DI,O,I-DI,I-DI,O,I-DI,I-DI,O,O,I-DI,O,I-DI,O,O,O,O,O,O,O"
"longitudinal association of alcohol use with hiv disease progression and psychological health of women with hiv . we evaluated the association of alcohol consumption and depression , and their effects on hiv disease progression among women with hiv . the study included 871 women with hiv who were recruited from 1993 - 1995 in four us cities . the participants had physical examination , medical record extraction , and venipuncture , cd4 + t - cell counts determination , measurement of depression symptoms ( using the self - report center for epidemiological studies - depression scale ) , and alcohol use assessment at enrollment , and semiannually until march 2000 . multilevel random coefficient ordinal models as well as multilevel models with joint responses were used in the analysis . there was no significant association between level of alcohol use and cd4 + t - cell counts . when participants were stratified by antiretroviral therapy ( art ) use , the association between alcohol and cd4 + t - cell did not reach statistical significance . the association between alcohol consumption and depression was significant ( p<0.001 ) . depression had a significant negative effect on cd4 + t - cell counts over time regardless of art use . our findings suggest that alcohol consumption has a direct association with depression . moreover , depression is associated with hiv disease progression . our findings have implications for the provision of alcohol use interventions and psychological resources to improve the health of women with hiv .","O,O,O,I-CH,O,O,I-DI,I-DI,O,O,O,O,O,O,O,O,O,O,O,O,O,O,I-CH,O,O,I-DI,O,O,O,O,O,I-DI,I-DI,O,O,O,O,O,O,O,O,O,O,O,O,O,O,O,O,O,O,O,O,O,O,O,O,O,O,O,O,O,O,O,O,O,O,O,O,O,O,O,O,O,O,O,O,O,O,O,O,I-DI,O,O,O,O,O,O,O,O,O,O,O,O,I-DI,O,O,O,O,I-CH,O,O,O,O,O,O,O,O,O,O,O,O,O,O,O,O,O,O,O,O,O,O,O,O,O,O,O,O,O,O,O,O,O,O,O,O,O,O,I-CH,O,O,O,O,O,O,O,O,O,O,O,O,O,O,O,O,O,O,O,O,O,O,O,O,I-CH,O,O,O,O,O,O,O,O,O,O,O,O,O,O,O,I-CH,O,O,I-DI,O,O,O,O,O,O,I-DI,O,O,O,O,O,O,O,O,O,O,O,O,O,O,O,O,O,O,O,O,O,O,O,I-CH,O,O,O,O,O,O,I-DI,O,O,O,I-DI,O,O,O,I-DI,I-DI,O,O,O,O,O,O,O,O,O,O,I-CH,O,O,O,O,O,O,O,O,O,O,O,O,O,O"
prenatal cocaine exposure and cranial sonographic findings in preterm infants . purpose : prenatal cocaine exposure has been linked with subependymal hemorrhage and the formation of cysts that are detectable on cranial sonography in neonates born at term . we sought to determine if prenatal cocaine exposure increases the incidence of subependymal cysts in preterm infants . methods : we retrospectively reviewed the medical records and cranial sonograms obtained during a 1 - year period on 122 premature ( < 36 weeks of gestation ) infants . infants were categorized into 1 of 2 groups : those exposed to cocaine and those not exposed to cocaine . infants were assigned to the cocaine - exposed group if there was a maternal history of cocaine abuse during pregnancy or if maternal or neonatal urine toxicology results were positive at the time of delivery . results : five of the 122 infants were excluded from the study because of insufficient medical and drug histories . the incidence of subependymal cysts in the 117 remaining infants was 14 % ( 16 of 117 ) . the incidence of subependymal cysts in infants exposed to cocaine prenatally was 44 % ( 8 of 18 ) compared with 8 % ( 8 of 99 ) in the unexposed group ( p < 0.01 ) . conclusions : we found an increased incidence of subependymal cyst formation in preterm infants who were exposed to cocaine prenatally . this result is consistent with results of similar studies in term infants .,"O,I-CH,O,O,O,O,O,O,I-DI,I-DI,O,O,O,O,I-CH,O,O,O,O,O,O,I-DI,O,O,O,O,I-DI,O,O,O,O,O,O,O,O,O,O,O,O,O,O,O,O,O,O,I-CH,O,O,O,O,O,I-DI,I-DI,O,I-DI,I-DI,O,O,O,O,O,O,O,O,O,O,O,O,O,O,O,O,O,O,O,O,O,I-DI,I-DI,I-DI,I-DI,I-DI,I-DI,I-DI,I-DI,I-DI,O,O,O,O,O,O,O,O,O,O,O,O,O,I-CH,O,O,O,O,O,I-CH,O,O,O,O,O,O,I-CH,O,O,O,O,O,O,O,O,O,O,I-DI,I-DI,O,O,O,O,O,O,O,O,O,O,O,O,O,O,O,O,O,O,O,O,O,O,O,O,O,O,O,O,O,O,O,O,O,O,O,O,O,O,O,O,O,I-DI,I-DI,O,O,O,O,O,O,O,O,O,O,O,O,O,O,O,O,O,I-DI,I-DI,O,O,O,O,I-CH,O,O,O,O,O,O,O,O,O,O,O,O,O,O,O,O,O,O,O,O,O,O,O,O,O,O,O,O,O,O,O,O,O,O,O,O,I-DI,I-DI,O,O,I-DI,I-DI,O,O,O,O,I-CH,O,O,O,O,O,O,O,O,O,O,O,O,O,O,O"
"levodopa - induced dyskinesias are improved by fluoxetine . we evaluated the severity of motor disability and dyskinesias in seven levodopa - responsive patients with parkinson 's disease after an acute challenge with the mixed dopamine agonist , apomorphine , before and after the administration of fluoxetine ( 20 mg twice per day ) for 11 + / - 1 days . after fluoxetine treatment , there was a significant 47 % improvement ( p < 0.05 ) of apomorphine - induced dyskinesias without modification of parkinsonian motor disability . the dyskinesias were reduced predominantly in the lower limbs during the onset and disappearance of dystonic dyskinesias ( onset - and end - of - dose dyskinesias ) and in the upper limbs during choreic mid - dose dyskinesias . the results suggest that increased brain serotoninergic transmission with fluoxetine may reduce levodopa - or dopamine agonist - induced dyskinesias without aggravating parkinsonian motor disability .","I-CH,O,O,I-DI,O,O,O,I-CH,O,O,O,O,O,O,I-DI,I-DI,O,I-DI,O,O,I-CH,O,O,O,O,I-DI,I-DI,I-DI,O,O,O,O,O,O,O,I-CH,O,O,I-CH,O,O,O,O,O,O,O,I-CH,O,O,O,O,O,O,O,O,O,O,O,O,O,O,O,O,I-CH,O,O,O,O,O,O,O,O,O,O,O,O,O,O,O,I-CH,O,O,I-DI,O,O,O,I-DI,I-DI,I-DI,O,O,I-DI,O,O,O,O,O,O,O,O,O,O,O,O,O,I-DI,I-DI,O,O,O,O,O,O,O,O,O,I-DI,O,O,O,O,O,O,O,I-DI,I-DI,I-DI,I-DI,I-DI,O,O,O,O,O,O,O,O,O,O,I-CH,O,O,I-CH,O,O,I-CH,O,O,O,I-DI,O,O,I-DI,I-DI,I-DI,O"
"allergic reaction to 5 - fluorouracil infusion . an allergic reaction consisting of angioneurotic edema secondary to continuous infusion 5 - fluorouracil occurred in a patient with recurrent carcinoma of the oral cavity , cirrhosis , and cisplatin - induced impaired renal function . this reaction occurred during the sixth and seventh courses of infusional chemotherapy . oral diphenhydramine and prednisone were ineffective in preventing the recurrence of the allergic reaction . discontinuance of effective chemotherapy in this patient during partial remission resulted in fatal disease progression .","I-DI,I-DI,O,I-CH,I-CH,I-CH,O,O,O,I-DI,I-DI,O,O,I-DI,I-DI,O,O,O,O,I-CH,I-CH,I-CH,O,O,O,O,O,O,I-DI,I-DI,I-DI,I-DI,I-DI,O,I-DI,O,O,I-CH,O,O,I-DI,I-DI,I-DI,O,O,O,O,O,O,O,O,O,O,O,O,O,O,O,I-CH,O,I-CH,O,O,O,O,O,O,O,O,I-DI,I-DI,O,O,O,O,O,O,O,O,O,O,O,O,O,O,O,O,O"
"subacute effects of propranolol and b 24 / 76 on isoproterenol - induced rat heart hypertrophy in correlation with blood pressure . we compared the potential beta - receptor blocker , b 24 / 76 i.e . 1 - ( 2,4 - dichlorophenoxy ) - 3 [ 2 - 3,4 - dimethoxyphenyl ) ethanolamino ] - prop an - 2 - ol , which is characterized by beta 1 - adrenoceptor blocking and beta 2 - adrenoceptor stimulating properties with propranolol . the studies were performed using an experimental model of isoproterenol - induced heart hypertrophy in rats . a correlation of the blood pressure was neither found in the development nor in the attempt to suppress the development of heart hypertrophy with the two beta - receptor blockers . both beta - blockers influenced the development of hypertrophy to a different , but not reproducible extent . it was possible to suppress the increased ornithine decarboxylase activity with both beta - blockers in hypertrophied hearts , but there was no effect on the heart mass . neither propranolol nor b 24 / 76 could stop the changes in the characteristic myosin isoenzyme pattern of the hypertrophied rat heart . thus , the investigations did not provide any evidence that the beta - receptor blockers propranolol and b 24 / 76 have the potency to prevent isoproterenol from producing heart hypertrophy .","O,O,O,I-CH,O,O,O,O,O,O,I-CH,O,O,O,I-DI,I-DI,O,O,O,O,O,O,O,O,O,O,O,O,O,O,O,O,O,O,O,O,O,O,O,O,O,O,O,O,O,O,O,O,O,O,O,O,O,O,O,O,O,O,O,O,O,O,O,O,O,O,O,O,O,O,O,O,O,O,O,O,O,O,O,O,I-CH,O,O,O,O,O,O,O,O,O,O,I-CH,O,O,I-DI,I-DI,O,O,O,O,O,O,O,O,O,O,O,O,O,O,O,O,O,O,O,O,O,O,O,O,I-DI,I-DI,O,O,O,O,O,O,O,O,O,O,O,O,O,O,O,O,I-DI,O,O,O,O,O,O,O,O,O,O,O,O,O,O,O,O,I-CH,O,O,O,O,O,O,O,O,I-DI,I-DI,O,O,O,O,O,O,O,O,O,O,O,O,I-CH,O,O,O,O,O,O,O,O,O,O,O,O,O,O,O,O,O,I-DI,O,O,O,O,O,O,O,O,O,O,O,O,O,O,O,O,O,O,I-CH,O,O,O,O,O,O,O,O,O,O,I-CH,O,O,I-DI,I-DI,O"
"severe citrate toxicity complicating volunteer apheresis platelet donation . we report a case of severe citrate toxicity during volunteer donor apheresis platelet collection . the donor was a 40 - year - old female , first - time apheresis platelet donor . past medical history was remarkable for hypertension , hyperlipidemia , and depression . reported medications included bumetanide , pravastatin , and paroxetine . thirty minutes from the start of the procedure , the donor noted tingling around the mouth , hands , and feet . she then very rapidly developed acute onset of severe facial and extremity tetany . empirical treatment with intravenous calcium gluconate was initiated , and muscle contractions slowly subsided over approximately 10 to 15 minutes . the events are consistent with a severe reaction to calcium chelation by sodium citrate anticoagulant resulting in symptomatic systemic hypocalcemia . upon additional retrospective analysis , it was noted that bumetanide is a loop diuretic that may cause significant hypocalcemia . we conclude that careful screening for medications and underlying conditions predisposing to hypocalcemia is recommended to help prevent severe reactions due to citrate toxicity . laboratory measurement of pre - procedure serum calcium levels in selected donors may identify cases requiring heightened vigilance . the case also illustrates the importance of maintaining preparedness for managing rare but serious reactions in volunteer apheresis blood donors .","O,I-CH,I-DI,O,O,O,O,O,O,O,O,O,O,O,O,I-CH,I-DI,O,O,O,O,O,O,O,O,O,O,O,O,O,O,O,O,O,O,O,O,O,O,O,O,O,O,O,O,O,O,O,I-DI,O,I-DI,O,O,I-DI,O,O,O,O,I-CH,O,I-CH,O,O,I-CH,O,O,O,O,O,O,O,O,O,O,O,O,O,O,O,O,O,O,O,O,O,O,O,O,O,O,O,O,O,O,O,O,O,O,O,I-DI,O,O,O,O,O,I-CH,I-CH,O,O,O,O,I-DI,I-DI,O,O,O,O,O,O,O,O,O,O,O,O,O,O,O,O,O,O,I-CH,O,O,I-CH,I-CH,O,O,O,O,O,I-DI,O,O,O,O,O,O,O,O,O,O,I-CH,O,O,I-CH,I-CH,O,O,O,O,I-DI,O,O,O,O,O,O,O,O,O,O,O,O,O,I-DI,O,O,O,O,O,O,O,O,O,I-CH,I-DI,O,O,O,O,O,O,O,O,I-CH,O,O,O,O,O,O,O,O,O,O,O,O,O,O,O,O,O,O,O,O,O,O,O,O,O,O,O,O,O,O,O,O"
"acute encephalopathy and cerebral vasospasm after multiagent chemotherapy including peg - asparaginase and intrathecal cytarabine for the treatment of acute lymphoblastic leukemia . a 7 - year - old girl with an unusual reaction to induction chemotherapy for precursor b - cell acute lymphoblastic leukemia ( all ) is described . the patient developed acute encephalopathy evidenced by behavioral changes , aphasia , incontinence , visual hallucinations , and right - sided weakness with diffuse cerebral vasospasm on magnetic resonance angiography after the administration of intrathecal cytarabine . vincristine , dexamethasone , and polyethylene glycol - asparaginase were also administered before the episode as part of induction therapy . neurologic status returned to baseline within 10 days of the acute event , and magnetic resonance angiography findings returned to normal 4 months later .","I-DI,I-DI,O,I-DI,I-DI,O,O,O,O,I-CH,I-CH,I-CH,O,O,I-CH,O,O,O,O,I-DI,I-DI,I-DI,O,O,O,O,O,O,O,O,O,O,O,O,O,O,O,O,O,O,O,O,I-DI,I-DI,I-DI,O,I-DI,O,O,O,O,O,O,O,I-DI,I-DI,O,O,O,O,O,I-DI,O,I-DI,O,I-DI,I-DI,O,O,O,O,O,I-DI,O,O,I-DI,I-DI,O,O,O,O,O,O,O,O,O,I-CH,O,I-CH,O,I-CH,O,O,I-CH,I-CH,I-CH,I-CH,O,O,O,O,O,O,O,O,O,O,O,O,O,O,O,O,O,O,O,O,O,O,O,O,O,O,O,O,O,O,O,O,O,O,O,O,O"
theophylline neurotoxicity in pregnant rats . the purpose of this investigation was to determine whether the neurotoxicity of theophylline is altered in advanced pregnancy . sprague - dawley rats that were 20 days pregnant and nonpregnant rats of the same age and strain received infusions of aminophylline until onset of maximal seizures which occurred after 28 and 30 minutes respectively . theophylline concentrations at this endpoint in serum ( total ) and csf were similar but serum ( free ) and brain concentrations were slightly different in pregnant rats . theophylline serum protein binding determined by equilibrium dialysis was lower in pregnant rats . fetal serum concentrations at onset of seizures in the mother were similar to maternal brain and csf concentrations and correlated significantly with the former . it is concluded that advanced pregnancy has a negligible effect on the neurotoxic response to theophylline in rats .,"I-CH,I-DI,O,O,O,O,O,O,O,O,O,O,O,O,O,O,I-DI,O,I-CH,O,O,O,O,O,O,O,O,O,O,O,O,O,O,O,O,O,O,O,O,O,O,O,O,O,O,O,I-CH,O,O,O,O,I-DI,O,O,O,O,O,O,O,O,O,I-CH,O,O,O,O,O,O,O,O,O,O,O,O,O,O,O,O,O,O,O,O,O,O,O,O,O,O,O,O,I-CH,O,O,O,O,O,O,O,O,O,O,O,O,O,O,O,O,O,O,O,I-DI,O,O,O,O,O,O,O,O,O,O,O,O,O,O,O,O,O,O,O,O,O,O,O,O,O,O,O,O,O,O,I-DI,O,O,I-CH,O,O,O"
"nightmares and hallucinations after long - term intake of tramadol combined with antidepressants . tramadol is a weak opioid with effects on adrenergic and serotonergic neurotransmission that is used to treat cancer pain and chronic non malignant pain . this drug was initiated in association with paroxetine and dosulepine hydrochloride in a tetraparetic patient with chronic pain . fifty - six days after initiation of the treatment the patient presented hallucinations that only stopped after the withdrawal of psycho - active drugs and tramadol . the case report questions the long term use of pain killers combined with psycho - active drugs in chronic non malignant pain , especially if pain is under control .","O,O,I-DI,O,O,O,O,O,O,I-CH,O,O,O,O,I-CH,O,O,O,O,O,O,O,O,O,O,O,O,O,O,O,O,I-DI,I-DI,O,O,O,O,I-DI,O,O,O,O,O,O,O,O,I-CH,O,I-CH,I-CH,O,O,I-DI,O,O,I-DI,I-DI,O,O,O,O,O,O,O,O,O,O,O,O,O,I-DI,O,O,O,O,O,O,O,O,O,O,O,O,I-CH,O,O,O,O,O,O,O,O,O,O,I-DI,O,O,O,O,O,O,O,O,O,O,O,I-DI,O,O,O,I-DI,O,O,O,O"
morphological evaluation of the effect of d - ribose on adriamycin - evoked cardiotoxicity in rats . the influence of d - ribose on adriamycin - induced myocardiopathy in rats was studied . adriamycin in the cumulative dose of 25 mg / kg evoked fully developed cardiac toxicity . d - ribose in the multiple doses of 200 mg / kg did not influence adr cardiotoxicity .,"O,O,O,O,O,O,I-CH,I-CH,I-CH,O,I-CH,O,O,I-DI,O,O,O,O,O,O,I-CH,I-CH,I-CH,O,I-CH,O,O,I-DI,O,O,O,O,O,I-CH,O,O,O,O,O,O,O,O,O,O,O,O,I-DI,I-DI,O,I-CH,I-CH,I-CH,O,O,O,O,O,O,O,O,O,O,O,O,I-CH,I-DI,O"
"differential diagnosis of high serum creatine kinase levels in systemic lupus erythematosus . we report the clinical and bioptic findings for a 57 - year - old woman with severe chloroquine - induced myopathy . since 1989 , she had been suffering from systemic lupus erythematosus ( sle ) with renal involvement and undergone periods of treatment with azathioprine and cyclophosphamide . additional therapy with chloroquine ( cq ) was started because of arthralgia . at the same time , slightly increased creatine kinase ( ck ) levels were noted . myositis was suspected , and the patient was treated with steroids . the ck increase persisted , however , and she developed progressive muscular weakness and muscular atrophy . routine controls revealed markedly elevated ck levels of 1,700 u / l . the neurological and electrophysiological findings were not typical of myositis . thus , muscle biopsy of the deltoid muscle was performed in order to exclude polymyositis or toxic myopathy . as it revealed chloroquine - induced myopathy , medication was stopped . discriminating between primary sle - induced affection of the musculoskeletal system and drug - induced side effects is important for appropriate treatment of sle patients .","O,O,O,O,O,I-CH,O,O,O,I-DI,I-DI,I-DI,O,O,O,O,O,O,O,O,O,O,O,O,O,O,O,O,O,O,I-CH,O,O,I-DI,O,O,O,O,O,O,O,O,O,I-DI,I-DI,I-DI,O,I-DI,O,O,I-DI,I-DI,O,O,O,O,O,O,I-CH,O,I-CH,O,O,O,O,I-CH,O,I-CH,O,O,O,O,O,I-DI,O,O,O,O,O,O,O,O,I-CH,O,O,O,O,O,O,O,O,I-DI,O,O,O,O,O,O,O,O,O,I-CH,O,O,O,O,O,O,O,O,O,O,O,O,I-DI,I-DI,O,I-DI,I-DI,O,O,O,O,O,O,O,O,O,O,O,O,O,O,O,O,O,O,O,O,O,O,O,I-DI,O,O,O,O,O,O,O,O,O,O,O,O,O,O,O,I-DI,O,O,I-DI,O,O,O,O,I-CH,O,O,I-DI,O,O,O,O,O,O,O,O,I-DI,O,O,I-DI,I-DI,I-DI,I-DI,I-DI,O,O,O,O,O,O,O,O,O,O,O,O,I-DI,O,O"
"hemodynamics and myocardial metabolism under deliberate hypotension . an experimental study in dogs . coronary blood flow , cardiac work and metabolism were studied in dogs under sodium nitroprusside ( snp ) and trimetaphan ( tmp ) deliberate hypotension ( 20 % and 40 % mean pressure decrease from baseline ) . regarding the effects of drug - induced hypotension on coronary blood flow , aortic and coronary sinus metabolic data ( ph , po2 , pco2 ) we could confirm that nitroprusside hypotension could be safely used to 30 % mean blood pressure decrease from control , trimetaphan hypotension to 20 % mean blood pressure decrease . cardiac work was significantly reduced during snp hypotension . myocardial o2 consumption and o2 availability were directly dependent on the coronary perfusion . careful invasive monitoring of the blood pressure , blood gases and of the ecg st - t segment is mandatory .","O,O,O,O,O,O,I-DI,O,O,O,O,O,O,O,O,O,O,O,O,O,O,O,O,O,O,O,O,I-CH,I-CH,O,I-CH,O,O,I-CH,O,I-CH,O,O,I-DI,O,O,O,O,O,O,O,O,O,O,O,O,O,O,O,O,O,O,O,O,I-DI,O,O,O,O,O,O,O,O,O,O,O,O,O,O,O,O,O,O,O,O,O,O,I-CH,I-DI,O,O,O,O,O,O,O,O,O,O,O,O,O,O,I-CH,I-DI,O,O,O,O,O,O,O,O,O,O,O,O,O,O,I-CH,I-DI,O,O,I-CH,O,O,I-CH,O,O,O,O,O,O,O,O,O,O,O,O,O,O,O,O,O,O,O,O,O,O,O,O,O,O,O,O,O,O"
"bile duct hamartoma occurring in association with long - term treatment with danazol . we report a case of bile duct hamartoma which developed in a patient who had been on long - term danazol treatment . such patients should be under close follow - up , preferably with periodic ultrasound examination of the liver . if the patient develops a liver mass , because of non - specific clinical features and imaging appearances , biopsy may be the only way to achieve a definitive diagnosis .","I-DI,I-DI,I-DI,O,O,O,O,O,O,O,O,O,I-CH,O,O,O,O,O,O,I-DI,I-DI,I-DI,O,O,O,O,O,O,O,O,O,O,O,O,I-CH,O,O,O,O,O,O,O,O,O,O,O,O,O,O,O,O,O,O,O,O,O,O,O,O,O,O,I-DI,I-DI,O,O,O,O,O,O,O,O,O,O,O,O,O,O,O,O,O,O,O,O,O,O,O,O"
"relationship between nicotine - induced seizures and hippocampal nicotinic receptors . a controversy has existed for several years concerning the physiological relevance of the nicotinic receptor measured by alpha - bungarotoxin binding . using mice derived from a classical f2 and backcross genetic design , a relationship between nicotine - induced seizures and alpha - bungarotoxin nicotinic receptor concentration was found . mice sensitive to the convulsant effects of nicotine had greater alpha - bungarotoxin binding in the hippocampus than seizure insensitive mice . the binding sites from seizure sensitive and resistant mice were equally affected by treatment with dithiothreitol , trypsin or heat . thus it appears that the difference between seizure sensitive and insensitive animals may be due to a difference in hippocampal nicotinic receptor concentration as measured with alpha - bungarotoxin binding .","O,O,I-CH,O,O,I-DI,O,O,O,O,O,O,O,O,O,O,O,O,O,O,O,O,O,O,O,O,O,O,O,O,O,O,O,O,O,O,O,O,O,O,O,O,O,O,O,O,O,O,I-CH,O,O,I-DI,O,O,O,O,O,O,O,O,O,O,O,O,O,O,O,O,O,I-CH,O,O,O,O,O,O,O,O,O,O,I-DI,O,O,O,O,O,O,O,I-DI,O,O,O,O,O,O,O,O,O,O,I-CH,O,O,O,O,O,O,O,O,O,O,O,O,I-DI,O,O,O,O,O,O,O,O,O,O,O,O,O,O,O,O,O,O,O,O,O,O,O"
"induction of rosaceiform dermatitis during treatment of facial inflammatory dermatoses with tacrolimus ointment . background : tacrolimus ointment is increasingly used for anti - inflammatory treatment of sensitive areas such as the face , and recent observations indicate that the treatment is effective in steroid - aggravated rosacea and perioral dermatitis . we report on rosaceiform dermatitis as a complication of treatment with tacrolimus ointment . observations : six adult patients with inflammatory facial dermatoses were treated with tacrolimus ointment because of the ineffectiveness of standard treatments . within 2 to 3 weeks of initially effective and well - tolerated treatment , 3 patients with a history of rosacea and 1 with a history of acne experienced sudden worsening with pustular rosaceiform lesions . biopsy revealed an abundance of demodex mites in 2 of these patients . in 1 patient with eyelid eczema , rosaceiform periocular dermatitis gradually appeared after 3 weeks of treatment . in 1 patient with atopic dermatitis , telangiectatic and papular rosacea insidiously appeared after 5 months of treatment . conclusions : our observations suggest that the spectrum of rosaceiform dermatitis as a complication of treatment with tacrolimus ointment is heterogeneous . a variety of factors , such as vasoactive properties of tacrolimus , proliferation of demodex due to local immunosuppression , and the occlusive properties of the ointment , may be involved in the observed phenomena . future studies are needed to identify individual risk factors .","O,O,O,I-DI,O,O,O,I-DI,I-DI,I-DI,O,I-CH,O,O,O,O,I-CH,O,O,O,O,O,O,O,O,O,O,O,O,O,O,O,O,O,O,O,O,O,O,O,O,O,O,O,I-CH,O,O,I-DI,O,I-DI,I-DI,O,O,O,O,O,I-DI,O,O,O,O,O,O,I-CH,O,O,O,O,O,O,O,O,I-DI,I-DI,I-DI,O,O,O,I-CH,O,O,O,O,O,O,O,O,O,O,O,O,O,O,O,O,O,O,O,O,O,O,O,O,O,O,O,O,O,I-DI,O,O,O,O,O,O,I-DI,O,O,O,O,O,O,O,O,O,O,O,O,O,O,O,O,O,O,O,O,O,O,O,O,O,O,I-DI,O,O,I-DI,I-DI,O,O,O,O,O,O,O,O,O,O,O,O,I-DI,I-DI,O,O,O,I-DI,I-DI,O,O,O,O,O,O,O,O,O,O,O,O,O,O,O,O,O,O,I-DI,O,O,O,O,O,O,I-CH,O,O,O,O,O,O,O,O,O,O,O,O,O,O,I-CH,O,O,O,O,O,O,O,O,O,O,O,O,O,O,O,O,O,O,O,O,O,O,O,O,O,O,O,O,O,O,O,O,O,O,O"
"attenuation of nephrotoxicity by a novel lipid nanosphere ( ns - 718 ) incorporating amphotericin b . ns - 718 , a lipid nanosphere incorporating amphotericin b , is effective against pathogenic fungi and has low toxicity . we compared the toxicity of ns - 718 with that of fungizone ( amphotericin b - sodium deoxycholate ; d - amb ) in vitro using renal cell cultures and in vivo by biochemical analysis , histopathological study of the kidney and pharmacokinetic study of amphotericin b following intravenous infusion of the formulation in rats . incubation with ns - 718 resulted in significantly less damage of cultured human renal proximal tubular epithelial cells compared with d - amb . serum blood urea and creatinine concentrations increased significantly in rats given an iv infusion of d - amb 3 mg / kg but not in those given the same dose of ns - 718 . histopathological examination of the kidney showed tubular necrosis in d - amb - treated rats but no change in ns - 718 - treated rats . amphotericin b concentrations in the kidney in ns - 718 - treated rats were higher than those in d - amb - treated rats . our in vitro and in vivo results suggest that incorporation of amphotericin b into lipid nanospheres of ns - 718 attenuates the nephrotoxicity of amphotericin b .","O,O,I-DI,O,O,O,O,O,O,O,O,O,O,O,I-CH,I-CH,O,O,O,O,O,O,O,O,O,I-CH,I-CH,O,O,O,O,O,O,O,O,O,I-DI,O,O,O,O,I-DI,O,O,O,O,O,O,O,I-CH,O,I-CH,I-CH,I-CH,I-CH,I-CH,O,I-CH,I-CH,I-CH,O,O,O,O,O,O,O,O,O,O,O,O,O,O,O,O,O,O,O,O,O,O,O,I-CH,I-CH,O,O,O,O,O,O,O,O,O,O,O,O,O,O,O,O,O,O,O,O,O,O,O,O,O,O,O,O,O,I-CH,I-CH,I-CH,O,O,O,I-CH,O,I-CH,O,O,O,O,O,O,O,O,O,O,I-CH,I-CH,I-CH,O,O,O,O,O,O,O,O,O,O,O,O,O,O,O,O,O,O,O,O,O,O,O,I-DI,I-DI,O,I-CH,I-CH,I-CH,O,O,O,O,O,O,O,O,O,O,O,O,O,O,I-CH,I-CH,O,O,O,O,O,O,O,O,O,O,O,O,O,O,O,O,I-CH,I-CH,I-CH,O,O,O,O,O,O,O,O,O,O,O,O,O,O,O,I-CH,I-CH,O,O,O,O,O,O,O,O,O,I-DI,O,I-CH,I-CH,O"
seizures induced by combined levomepromazine - fluvoxamine treatment . we report a case of combined levomepromazine - fluvoxamine treatment - induced seizures . it seems that combined treatment of fluvoxamine with phenothiazines may possess proconvulsive activity .,"I-DI,O,O,O,I-CH,O,I-CH,O,O,O,O,O,O,O,O,I-CH,O,I-CH,O,O,O,I-DI,O,O,O,O,O,O,O,I-CH,O,I-CH,O,O,O,O,O"
"the dose - dependent effect of misoprostol on indomethacin - induced renal dysfunction in well compensated cirrhosis . misoprostol ( 200 micrograms ) has been shown to acutely counteract the indomethacin - induced renal dysfunction in well compensated cirrhotic patients . the aim of this study was to determine if the prophylactic value of misoprostol was dose - dependent . parameters of renal hemodynamics and tubular sodium and water handling were assessed by clearance techniques in 26 well compensated cirrhotic patients before and after an oral combination of 50 mg of indomethacin and various doses of misoprostol . the 200 - micrograms dose was able to totally abolish the deleterious renal effects of indomethacin , whereas the 800 - micrograms dose resulted in significant worsening of renal hemodynamics and sodium retention . these changes were maximal in the hour immediately after medications and slowly returned toward base - line levels thereafter . these results suggest that the renal protective effects of misoprostol is dose - dependent . however , until this apparent ability of 200 micrograms of misoprostol to prevent the adverse effects of indomethacin on renal function is confirmed with chronic frequent dosing , it would be prudent to avoid nonsteroidal anti - inflammatory therapy in patients with cirrhosis .","O,O,O,O,O,O,I-CH,O,I-CH,O,O,I-DI,I-DI,O,O,O,I-DI,O,I-CH,O,O,O,O,O,O,O,O,O,O,O,I-CH,O,O,I-DI,I-DI,O,O,O,I-DI,O,O,O,O,O,O,O,O,O,O,O,O,O,O,O,I-CH,O,O,O,O,O,O,O,O,O,O,O,I-CH,O,O,O,O,O,O,O,O,O,O,O,O,I-DI,O,O,O,O,O,O,O,O,O,O,O,I-CH,O,O,O,O,I-CH,O,O,O,O,O,O,O,O,O,O,O,O,O,O,O,O,I-CH,O,O,O,O,O,O,O,O,O,O,O,O,O,O,O,I-CH,O,O,O,O,O,O,O,O,O,O,O,O,O,O,O,O,O,O,O,O,O,O,O,O,O,O,O,O,O,O,O,I-CH,O,O,O,O,O,O,O,O,O,O,O,O,O,O,O,I-CH,O,O,O,O,O,O,I-CH,O,O,O,O,O,O,O,O,O,O,O,O,O,O,O,O,O,O,O,O,O,O,O,O,I-DI,O"
hepatitis and renal tubular acidosis after anesthesia with methoxyflurane . a 69 - year - old man operated for acute cholecystitis under methoxyflurane anesthesia developed postoperatively a hepatic insufficiency syndrome and renal tubular acidosis . massive bleeding appeared during surgery which lasted for six hours . postoperative evolution under supportive therapy was favourable . complete recovery was confirmed by repeated controls performed over a period of one year after surgery .,"I-DI,O,I-DI,I-DI,I-DI,O,O,O,I-CH,O,O,O,O,O,O,O,O,O,O,I-DI,I-DI,O,I-CH,O,O,O,O,I-DI,I-DI,I-DI,O,I-DI,I-DI,I-DI,O,O,I-DI,O,O,O,O,O,O,O,O,O,O,O,O,O,O,O,O,O,O,O,O,O,O,O,O,O,O,O,O,O,O,O,O,O,O"
"pupillary changes associated with the development of stimulant - induced mania : a case report . a 30 - year - old cocaine - dependent man who was a subject in a study evaluating the anticraving efficacy of the stimulant medication diethylpropion ( dep ) became manic during his second week on the study drug . pupillometric changes while on dep , especially changes in the total power of pupillary oscillation , were dramatically different than those observed in the eight other study subjects who did not become manic . the large changes in total power of pupillary oscillation occurred a few days before the patient became fully manic . such medication - associated changes in the total power of pupillary oscillation might be of utility in identifying persons at risk for manic - like adverse effects during the medical use of psychomotor stimulants or sympathomimetic agents .","O,O,O,O,O,O,O,O,O,O,I-DI,O,O,O,O,O,O,O,O,O,O,O,I-CH,O,O,O,O,O,O,O,O,O,O,O,O,O,O,O,O,O,O,I-CH,O,I-CH,O,O,I-DI,O,O,O,O,O,O,O,O,O,O,O,O,O,I-CH,O,O,O,O,O,O,O,O,I-DI,I-DI,O,O,O,O,O,O,O,O,O,O,O,O,O,O,O,O,O,I-DI,O,O,O,O,O,O,O,O,I-DI,I-DI,O,O,O,O,O,O,O,O,O,I-DI,O,O,O,O,O,O,O,O,O,O,O,I-DI,I-DI,O,O,O,O,O,O,O,O,O,O,I-DI,O,O,O,O,O,O,O,O,O,O,O,O,O,O,O"
"valproate - induced chorea and encephalopathy in atypical nonketotic hyperglycinemia . nonketotic hyperglycinemia is a disorder of amino acid metabolism in which a defect in the glycine cleavage system leads to an accumulation of glycine in the brain and other body compartments . in the classical form it presents as neonatal apnea , intractable seizures , and hypotonia , followed by significant psychomotor retardation . an important subset of children with nonketotic hyperglycinemia are atypical variants who present in a heterogeneous manner . this report describes a patient with mild language delay and mental retardation , who was found to have nonketotic hyperglycinemia following her presentation with acute encephalopathy and chorea shortly after initiation of valproate therapy .","I-CH,O,O,I-DI,O,I-DI,O,O,I-DI,I-DI,O,I-DI,I-DI,O,O,I-DI,I-DI,I-DI,I-DI,I-DI,O,O,O,O,O,O,I-CH,O,O,O,O,O,O,O,I-CH,O,O,O,O,O,O,O,O,O,O,O,O,O,O,O,O,I-DI,O,O,I-DI,O,O,I-DI,O,O,O,O,I-DI,I-DI,O,O,O,O,O,O,O,I-DI,I-DI,O,O,O,O,O,O,O,O,O,O,O,O,O,O,O,O,O,I-DI,I-DI,O,I-DI,I-DI,O,O,O,O,O,O,I-DI,I-DI,O,O,O,O,O,I-DI,O,I-DI,O,O,O,O,I-CH,O,O"
"cocaine causes memory and learning impairments in rats : involvement of nuclear factor kappa b and oxidative stress , and prevention by topiramate . different mechanisms have been suggested for cocaine toxicity including an increase in oxidative stress but the association between oxidative status in the brain and cocaine induced - behaviour is poorly understood . nuclear factor kappa b ( nfkappab ) is a sensor of oxidative stress and participates in memory formation that could be involved in drug toxicity and addiction mechanisms . therefore nfkappab activity , oxidative stress , neuronal nitric oxide synthase ( nnos ) activity , spatial learning and memory as well as the effect of topiramate , a previously proposed therapy for cocaine addiction , were evaluated in an experimental model of cocaine administration in rats . nfkappab activity was decreased in the frontal cortex of cocaine treated rats , as well as gsh concentration and glutathione peroxidase activity in the hippocampus , whereas nnos activity in the hippocampus was increased . memory retrieval of experiences acquired prior to cocaine administration was impaired and negatively correlated with nfkappab activity in the frontal cortex . in contrast , learning of new tasks was enhanced and correlated with the increase of nnos activity and the decrease of glutathione peroxidase . these results provide evidence for a possible mechanistic role of oxidative and nitrosative stress and nfkappab in the alterations induced by cocaine . topiramate prevented all the alterations observed , showing novel neuroprotective properties .","I-CH,O,I-DI,I-DI,I-DI,I-DI,O,O,O,O,O,O,O,O,O,O,O,O,O,O,O,O,I-CH,O,O,O,O,O,O,O,I-CH,I-DI,O,O,O,O,O,O,O,O,O,O,O,O,O,O,O,O,I-CH,O,O,O,O,O,O,O,O,O,O,O,O,O,O,O,O,O,O,O,O,O,O,O,O,O,O,O,O,O,O,O,I-DI,O,O,O,O,O,O,O,O,O,O,O,O,I-CH,I-CH,O,O,O,O,O,O,O,O,O,O,O,O,O,O,O,O,I-CH,O,O,O,O,O,O,I-DI,I-DI,O,O,O,O,O,O,O,O,I-CH,O,O,O,O,O,O,O,O,O,O,O,O,O,I-CH,O,O,O,O,O,O,I-CH,O,O,I-CH,O,O,O,O,O,O,O,O,O,O,O,O,O,O,O,O,O,O,O,O,O,O,I-CH,O,O,O,O,O,O,O,O,O,O,O,O,O,O,O,O,O,O,O,O,O,O,O,O,O,O,O,O,O,O,O,O,O,O,O,I-CH,O,O,O,O,O,O,O,O,O,O,O,O,O,O,O,O,O,O,O,O,O,O,O,I-CH,O,I-CH,O,O,O,O,O,O,O,O,O,O,O"
angiosarcoma of the liver associated with diethylstilbestrol . angiosarcoma of the liver occurred in a 76 - year - old man who had been treated for a well - differentiated adenocarcinoma of the liver with diethylstilbestrol for 13 years . angiosarcoma was also present within pulmonary and renal arteries . the possibility that the intraarterial lesions might represent independent primary tumors is considered .,"I-DI,I-DI,I-DI,I-DI,O,O,I-CH,O,I-DI,I-DI,I-DI,I-DI,O,O,O,O,O,O,O,O,O,O,O,O,O,O,O,O,O,O,I-DI,I-DI,I-DI,I-DI,O,I-CH,O,O,O,O,I-DI,O,O,O,O,O,O,O,O,O,O,O,O,O,I-DI,I-DI,O,O,O,O,I-DI,O,O,O"
"viracept and irregular heartbeat warning . a group of doctors in boston warn that the protease inhibitor viracept may cause an irregular heart beat , known as bradycardia , in people with hiv . bradycardia occurred in a 45 - year - old male patient who was viracept in combination with other anti - hiv drugs . the symptoms ceased after switching to another drug combination .","I-CH,O,I-DI,I-DI,O,O,O,O,O,O,O,O,O,O,O,O,O,I-CH,O,O,O,I-DI,I-DI,I-DI,O,O,O,I-DI,O,O,O,O,O,O,I-DI,O,O,O,O,O,O,O,O,O,O,O,O,I-CH,O,O,O,O,O,O,O,O,O,O,O,O,O,O,O,O,O,O,O"
"seizure associated with sleep deprivation and sustained - release bupropion . this case report describes a generalized seizure associated with sustained - release bupropion use and sleep deprivation . the subject , a 31 - year - old female smoker , was participating in a clinical trial evaluating an investigational medication for smoking cessation that used sustained - release bupropion as an active control . after 5 weeks of bupropion use , the subject experienced a generalized tonic clonic seizure after staying up nearly all night packing and moving to a new residence . the patient had no other risk factors for seizures . we suggest that sleep deprivation may add to the risk of bupropion - associated seizures .","I-DI,O,O,I-DI,I-DI,O,O,O,O,I-CH,O,O,O,O,O,O,O,I-DI,O,O,O,O,O,I-CH,O,O,I-DI,I-DI,O,O,O,O,O,O,O,O,O,O,O,O,O,O,O,O,O,O,O,O,O,O,O,O,O,O,O,O,O,O,O,I-CH,O,O,O,O,O,O,O,O,O,I-CH,O,O,O,O,O,O,O,O,O,I-DI,O,O,O,O,O,O,O,O,O,O,O,O,O,O,O,O,O,O,O,O,O,O,I-DI,O,O,O,O,I-DI,I-DI,O,O,O,O,O,O,I-CH,O,O,I-DI,O"
"irreversible damage to the medullary interstitium in experimental analgesic nephropathy in f344 rats . renal papillary necrosis ( rpn ) and a decreased urinary concentrating ability developed during continuous long - term treatment with aspirin and paracetamol in female fischer 344 rats . renal structure and concentrating ability were examined after a recovery period of up to 18 weeks , when no analgesics were given , to investigate whether the analgesic - induced changes were reversible . there was no evidence of repair to the damaged medullary interstitial matrix , or proliferation of remaining undamaged type 1 medullary interstitial cells after the recovery period following analgesic treatment . the recovery of urinary concentrating ability was related to the length of analgesic treatment and the extent of the resulting inner medullary structural damage . during the early stages of analgesic treatment , the changes in urinary concentrating ability were reversible , but after prolonged analgesic treatment , maximum urinary concentrating ability failed to recover . this study shows that prolonged analgesic treatment in fischer 344 rats causes progressive and irreversible damage to the interstitial matrix and type 1 interstitial cells leading to rpn . the associated urinary concentrating defect is reversible only during the early stages of structural damage to the inner medulla .","O,O,O,O,O,O,O,O,O,I-DI,O,O,O,O,I-DI,I-DI,I-DI,O,I-DI,O,O,O,O,O,O,O,O,O,O,O,O,O,O,O,I-CH,O,I-CH,O,O,O,O,O,O,O,O,O,O,O,O,O,O,O,O,O,O,O,O,O,O,O,O,O,O,O,O,O,O,O,O,O,O,O,O,O,O,O,O,O,O,O,O,O,O,O,O,O,O,O,O,O,O,O,O,O,O,O,O,O,O,O,O,O,O,O,O,O,O,O,O,O,O,O,O,O,O,O,O,O,O,O,O,O,O,O,O,O,O,O,O,O,O,O,O,O,O,O,O,O,O,O,O,O,O,O,O,O,O,O,O,O,O,O,O,O,O,O,O,O,O,O,O,O,O,O,O,O,O,O,O,O,O,O,O,O,O,O,O,O,O,O,O,O,O,O,O,O,O,O,O,O,O,I-DI,O,O,O,O,O,O,O,O,O,O,O,O,O,O,O,O,O,O,O,O,O"
"tiapride in levodopa - induced involuntary movements . tiapride , a substituted benzamide derivative closely related to metoclopramide , reduced levodopa - induced peak dose involuntary movements in 16 patients with idiopathic parkinson 's disease . however , an unacceptable increase in disability from parkinsonism with aggravation of end - of - dose akinesia led to its cessation in 14 patients . tiapride had no effect on levodopa - induced early morning of "" off - period "" segmental dystonia . these results fail to support the notion that levodopa - induced dyskinesias are caused by overstimulation of a separate group of dopamine receptors .","I-CH,O,I-CH,O,O,I-DI,I-DI,O,I-CH,O,O,O,I-CH,O,O,O,O,I-CH,O,O,I-CH,O,O,O,O,I-DI,I-DI,O,O,O,O,I-DI,I-DI,I-DI,I-DI,O,O,O,O,O,O,O,O,O,I-DI,O,O,O,O,O,O,O,O,I-DI,O,O,O,O,O,O,O,O,I-CH,O,O,O,O,I-CH,O,O,O,O,O,O,O,O,O,O,O,I-DI,O,O,O,O,O,O,O,O,O,I-CH,O,O,I-DI,O,O,O,O,O,O,O,O,O,I-CH,O,O"
"a murine model of adenomyosis : the effects of hyperprolactinemia induced by fluoxetine hydrochloride , a selective serotonin reuptake inhibitor , on adenomyosis induction in wistar albino rats . objective : the aim of this study was to investigate whether fluoxetine given to castrated and noncastrated rats caused hyperprolactinemia and its effects with respect to adenomyosis . design : fluoxetine , a serotonin reuptake inhibitor , was given to wistar albino rats for 98 days to produce hyperprolactinemia . the drug was given to two groups consisting of castrated and noncastrated rats and compared to two groups of castrated and noncastrated controls . prolactin levels were measured and the uteri of the rats were removed for histopathological analysis at the end of 98 days . setting : marmara university school of medicine , department of histology and embryology , zeynep kamil women and children 's hospital . main outcome measures : serum prolactin levels , uterine histopathology . results : the prolactin levels of castrated and noncastrated groups treated with fluoxetine were statistically significantly higher when compared to their respective control groups . histological studies revealed 11 cases of adenomyosis , all within the noncastrated group receiving fluoxetine . conclusion : it was suggested that high serum prolactin levels cause degeneration of myometrial cells in the presence of ovarian steroids that results in a myometrial invasion by endometrial stroma . this invasion eventually progresses to adenomyosis .","O,O,O,O,I-DI,O,O,O,O,I-DI,O,O,I-CH,I-CH,O,O,O,I-CH,O,O,O,O,I-DI,O,O,O,O,O,O,O,O,O,O,O,O,O,O,O,O,O,I-CH,O,O,O,O,O,O,O,I-DI,O,O,O,O,O,O,I-DI,O,O,O,I-CH,O,O,I-CH,O,O,O,O,O,O,O,O,O,O,O,O,O,O,I-DI,O,O,O,O,O,O,O,O,O,O,O,O,O,O,O,O,O,O,O,O,O,O,O,O,O,O,O,O,O,O,O,O,O,O,O,O,O,O,O,O,O,O,O,O,O,O,O,O,O,O,O,O,O,O,O,O,O,O,O,O,O,O,O,O,O,O,O,O,O,O,O,O,O,O,O,O,O,O,O,O,O,O,O,O,O,O,O,O,O,O,O,O,I-CH,O,O,O,O,O,O,O,O,O,O,O,O,O,O,O,O,O,O,I-DI,O,O,O,O,O,O,O,I-CH,O,O,O,O,O,O,O,O,O,O,O,O,O,O,O,O,O,O,O,O,O,I-CH,O,O,O,O,O,O,O,O,O,O,O,O,O,O,O,I-DI,O"
palpebral twitching in a depressed adolescent on citalopram . current estimates suggest that between 0.4 % and 8.3 % of children and adolescents are affected by major depression . we report a favorable response to treatment with citalopram by a 15 - year - old boy with major depression who exhibited palpebral twitching during his first 2 weeks of treatment . this may have been a side effect of citalopram as it remitted with redistribution of doses .,"I-DI,I-DI,O,O,I-DI,O,O,I-CH,O,O,O,O,O,O,O,O,O,O,O,O,O,O,O,O,O,O,I-DI,I-DI,O,O,O,O,O,O,O,O,O,I-CH,O,O,O,O,O,O,O,O,O,I-DI,I-DI,O,O,I-DI,I-DI,O,O,O,O,O,O,O,O,O,O,O,O,O,O,O,O,I-CH,O,O,O,O,O,O,O,O"
"pharmacology of gyki - 41 099 ( chlorpropanol , tobanum ) a new potent beta - adrenergic antagonist . the compound gyki - 41 099 , as a beta - adrenergic antagonist , is 3 - 8 times more potent than propranolol in vitro and in vivo . its antiarrhythmic effectiveness surpasses that of propranolol and pindolol inhibiting the ouabain arrhythmia in dogs and cats . gyki - 41 900 has a negligible cardiodepressant activity ; it is not cardioselective . the compound shows a rapid and long lasting effect . there was a prolonged elimination of the radioactivity after the injection of 14c - 41 099 to rats and dogs . the half life of the unlabeled substance in humans was more than 10 hours .","O,O,I-CH,I-CH,I-CH,I-CH,O,I-CH,O,I-CH,O,O,O,O,O,O,O,O,O,O,O,I-CH,I-CH,I-CH,I-CH,O,O,O,O,O,O,O,O,O,O,O,O,O,O,O,O,I-CH,O,O,O,O,O,O,O,O,O,O,O,O,I-CH,O,I-CH,O,O,I-CH,I-DI,O,O,O,O,O,I-CH,I-CH,I-CH,I-CH,O,O,O,O,O,O,O,O,O,O,O,O,O,O,O,O,O,O,O,O,O,O,O,O,O,O,O,O,O,O,O,O,O,I-CH,I-CH,I-CH,I-CH,O,O,O,O,O,O,O,O,O,O,O,O,O,O,O,O,O,O,O,O"
"risks of the consumption of beverages containing quinine . although the united states food and drug administration banned its use for nocturnal leg cramps due to lack of safety and efficacy , quinine is widely available in beverages including tonic water and bitter lemon . numerous anecdotal reports suggest that products containing quinine may produce neurological complications , including confusion , altered mental status , seizures , and coma , particularly in older women . psychologists need to inquire about consumption of quinine - containing beverages as part of an evaluation process .","O,O,O,O,O,O,O,I-CH,O,O,O,O,O,O,O,O,O,O,O,O,O,I-DI,I-DI,I-DI,O,O,O,O,O,O,O,O,I-CH,O,O,O,O,O,O,O,O,O,O,O,O,O,O,O,O,O,O,O,I-CH,O,O,I-DI,I-DI,O,O,I-DI,O,O,O,O,O,I-DI,O,O,I-DI,O,O,O,O,O,O,O,O,O,O,O,O,O,I-CH,O,O,O,O,O,O,O,O,O,O"
"protective effect of edaravone against streptomycin - induced vestibulotoxicity in the guinea pig . this study investigated alleviation of streptomycin - induced vestibulotoxicity by edaravone in guinea pigs . edaravone , a free radical scavenger , has potent free radical quenching action and is used in clinical practice to treat cerebral infarction . streptomycin was administered to the inner ear by osmotic pump for 24 h , and edaravone ( n = 8 ) or saline ( n = 6 ) was intraperitoneally injected once a day for 7 days . we observed horizontal vestibulo - ocular reflex as a marker of postoperative vestibular function . animals injected with saline showed statistically smaller gains than those injected with edaravone . these results suggest that edaravone suppresses streptomycin - induced vestibulotoxicity .","O,O,O,I-CH,O,I-CH,O,O,I-DI,O,O,O,O,O,O,O,O,O,O,I-CH,O,O,I-DI,O,I-CH,O,O,O,O,I-CH,O,O,O,O,O,O,O,O,O,O,O,O,O,O,O,O,O,O,O,O,I-DI,I-DI,O,I-CH,O,O,O,O,O,O,O,O,O,O,O,O,O,O,I-CH,O,O,O,O,O,O,O,O,O,O,O,O,O,O,O,O,O,O,O,O,O,O,O,O,O,O,O,O,O,O,O,O,O,O,O,O,O,O,O,O,O,O,O,O,O,O,O,O,O,I-CH,O,O,O,O,O,I-CH,O,I-CH,O,O,I-DI,O"
"branch retinal vein occlusion and fluoxetine . a case of branch retinal vein occlusion associated with fluoxetine - induced secondary hypertension is described . although an infrequent complication of selective serotonin reuptake inhibitor therapy , it is important that ophthalmologists are aware that these agents can cause hypertension because this class of drugs is widely prescribed .","O,I-DI,I-DI,I-DI,O,I-CH,O,O,O,O,O,I-DI,I-DI,I-DI,O,O,I-CH,O,O,O,I-DI,O,O,O,O,O,O,O,O,O,I-CH,O,O,O,O,O,O,O,O,O,O,O,O,O,O,O,O,I-DI,O,O,O,O,O,O,O,O,O"
"studies of risk factors for aminoglycoside nephrotoxicity . the epidemiology of aminoglycoside - induced nephrotoxicity is not fully understood . experimental studies in healthy human volunteers indicate aminoglycosides cause proximal tubular damage in most patients , but rarely , if ever , cause glomerular or tubular dysfunction . clinical trials of aminoglycosides in seriously ill patients indicate that the relative risk for developing acute renal failure during therapy ranges from 8 to 10 and that the attributable risk is 70 % to 80 % . further analysis of these data suggests that the duration of therapy , plasma aminoglycoside levels , liver disease , advanced age , high initial estimated creatinine clearance and , possibly , female gender all increase the risk for nephrotoxicity . other causes of acute renal failure , such as shock , appear to have an additive effect . predictive models have been developed from these analyses that should be useful for identifying patients at high risk . these models may also be useful in developing insights into the pathophysiology of aminoglycoside - induced nephrotoxicity .","O,O,O,O,O,I-CH,I-DI,O,O,O,O,I-CH,O,O,I-DI,O,O,O,O,O,O,O,O,O,O,O,O,I-CH,O,O,O,O,O,O,O,O,O,O,O,O,O,O,O,I-DI,I-DI,I-DI,I-DI,O,O,O,O,I-CH,O,O,O,O,O,O,O,O,O,O,O,I-DI,I-DI,I-DI,O,O,O,O,O,O,O,O,O,O,O,O,O,O,O,O,O,O,O,O,O,O,O,O,O,O,O,O,O,O,O,O,I-CH,O,O,I-DI,I-DI,O,O,O,O,O,O,O,I-CH,O,O,O,O,O,O,O,O,O,O,O,O,I-DI,O,O,O,O,I-DI,I-DI,I-DI,O,O,O,I-DI,O,O,O,O,O,O,O,O,O,O,O,O,O,O,O,O,O,O,O,O,O,O,O,O,O,O,O,O,O,O,O,O,O,O,O,O,O,O,O,O,I-CH,O,O,I-DI,O"
"gaba involvement in naloxone induced reversal of respiratory paralysis produced by thiopental . no agent is yet available to reverse respiratory paralysis produced by cns depressants , such as general anesthetics . in this study naloxone reversed respiratory paralysis induced by thiopental in rats . 25 mg / kg , i.v . thiopental produced anesthesia without altering respiratory rate , increased gaba , decreased glutamate , and had no effect on aspartate or glycine levels compared to controls in rat cortex and brain stem . pretreatment of rats with thiosemicarbazide for 30 minutes abolished the anesthetic action as well as the respiratory depressant action of thiopental . 50 mg / kg , i.v . thiopental produced respiratory arrest with further increase in gaba and decrease in glutamate again in cortex and brain stem without affecting any of the amino acids studied in four regions of rat brain . naloxone ( 2.5 mg / kg , i.v . ) reversed respiratory paralysis , glutamate and gaba levels to control values in brain stem and cortex with no changes in caudate or cerebellum . these data suggest naloxone reverses respiratory paralysis produced by thiopental and involves gaba in its action .","I-CH,O,O,I-CH,O,O,O,I-DI,I-DI,O,O,I-CH,O,O,O,O,O,O,O,O,I-DI,I-DI,O,O,O,O,O,O,O,O,O,O,O,O,O,I-CH,O,I-DI,I-DI,O,O,I-CH,O,O,O,O,O,O,O,O,O,O,I-CH,O,O,O,O,O,O,O,O,I-CH,O,O,I-CH,O,O,O,O,O,O,I-CH,O,I-CH,O,O,O,O,O,O,O,O,O,O,O,O,O,O,O,I-CH,O,O,O,O,O,O,O,O,O,O,O,O,O,O,O,I-CH,O,O,O,O,O,O,O,O,I-CH,O,I-DI,I-DI,O,O,O,O,I-CH,O,O,O,I-CH,O,O,O,O,O,O,O,O,O,O,O,I-CH,I-CH,O,O,O,O,O,O,O,O,I-CH,O,O,O,O,O,O,O,O,O,O,I-DI,I-DI,O,I-CH,O,I-CH,O,O,O,O,O,O,O,O,O,O,O,O,O,O,O,O,O,O,O,O,I-CH,O,I-DI,I-DI,O,O,I-CH,O,O,I-CH,O,O,O,O"
"fatal excited delirium following cocaine use : epidemiologic findings provide new evidence for mechanisms of cocaine toxicity . we describe an outbreak of deaths from cocaine - induced excited delirium ( edds ) in dade county , florida between 1979 and 1990 . from a registry of all cocaine - related deaths in dade county , florida , from 1969 - 1990 , 58 edds were compared with 125 victims of accidental cocaine overdose without excited delirium . compared with controls , edds were more frequently black , male , and younger . they were less likely to have a low body mass index , and more likely to have died in police custody , to have received medical treatment immediately before death , to have survived for a longer period , to have developed hyperthermia , and to have died in summer months . edds had concentrations of cocaine and benzoylecgonine in autopsy blood that were similar to those for controls . the epidemiologic findings are most consistent with the hypothesis that chronic cocaine use disrupts dopaminergic function and , when coupled with recent cocaine use , may precipitate agitation , delirium , aberrant thermoregulation , rhabdomyolysis , and sudden death .","O,O,I-DI,O,I-CH,O,O,O,O,O,O,O,O,O,O,I-CH,I-DI,O,O,O,O,O,O,O,O,I-CH,O,O,O,I-DI,O,I-DI,O,O,O,O,O,O,O,O,O,O,O,O,O,O,O,O,I-CH,O,O,O,O,O,O,O,O,O,O,O,O,O,O,O,I-DI,O,O,O,O,O,O,O,I-CH,I-DI,O,O,I-DI,O,O,O,O,O,I-DI,O,O,O,O,O,O,O,O,O,O,O,O,O,O,O,O,O,O,O,O,O,O,O,O,O,O,O,O,O,O,O,O,O,O,O,O,O,O,O,O,O,O,O,O,O,O,O,O,O,O,O,O,I-DI,O,O,O,O,O,O,O,O,O,I-DI,O,O,O,I-CH,O,I-CH,O,O,O,O,O,O,O,O,O,O,O,O,O,O,O,O,O,O,O,O,O,O,I-CH,O,O,O,O,O,O,O,O,O,O,I-CH,O,O,O,O,I-DI,O,I-DI,O,O,O,O,I-DI,O,O,I-DI,I-DI,O"
"acute insulin treatment normalizes the resistance to the cardiotoxic effect of isoproterenol in streptozotocin diabetic rats . a morphometric study of isoproterenol induced myocardial fibrosis . the acute effect of insulin treatment on the earlier reported protective effect of streptozotocin diabetes against the cardiotoxic effect of high doses of isoproterenol ( iso ) was investigated in rats . thirty to 135 min after the injection of crystalline insulin , iso was given subcutaneously and when iso induced fibrosis in the myocardium was morphometrically analyzed 7 days later , a highly significant correlation ( r = 0.83 , 2 p = 0.006 ) to the slope of the fall in blood glucose after insulin treatment appeared . the myocardial content of catecholamines was estimated in these 8 day diabetic rats . the norepinephrine content was significantly increased while epinephrine remained unchanged . an enhanced sympathetic nervous system activity with a consequent down regulation of the myocardial beta - adrenergic receptors could , therefore , explain this catecholamine resistance . the rapid reversion after insulin treatment excludes the possibility that streptozotocin in itself causes the iso resistance and points towards a direct insulin effect on myocardial catecholamine sensitivity in diabetic rats . the phenomenon described might elucidate pathogenetic mechanisms behind toxic myocardial cell degeneration and may possibly have relevance for acute cardiovascular complications in diabetic patients .","O,O,O,O,O,O,O,O,I-DI,O,O,I-CH,O,I-CH,I-DI,O,O,O,O,O,O,I-CH,O,O,I-DI,O,O,O,O,O,O,O,O,O,O,O,O,O,O,I-CH,I-DI,O,O,I-DI,O,O,O,O,O,I-CH,O,I-CH,O,O,O,O,O,O,O,O,O,O,O,O,O,O,O,O,O,I-CH,O,O,O,O,O,I-CH,O,I-DI,O,O,O,O,O,O,O,O,O,O,O,O,O,O,O,O,O,O,O,O,O,O,O,O,O,O,O,O,O,O,O,O,I-CH,O,O,O,O,O,O,O,O,O,I-CH,O,O,O,O,O,O,I-DI,O,O,O,I-CH,O,O,O,O,O,I-CH,O,O,O,O,O,O,O,O,O,O,O,O,O,O,O,O,O,O,O,O,O,O,O,O,O,O,O,I-CH,O,O,O,O,O,O,O,O,O,O,O,O,I-CH,O,O,O,O,I-CH,O,O,O,O,O,O,O,O,O,O,I-CH,O,O,I-DI,O,O,O,O,O,O,O,O,O,O,O,O,O,O,O,O,O,O,O,O,O,O,O,O,I-DI,O,O"
"mechanisms underlying latent disease risk associated with early - life arsenic exposure : current research trends and scientific gaps . background : millions of individuals worldwide , particularly those living in rural and developing areas , are exposed to harmful levels of inorganic arsenic ( ias ) in their drinking water . inorganic as exposure during key developmental periods is associated with a variety of adverse health effects including those that are evident in adulthood . there is considerable interest in identifying the molecular mechanisms that relate early - life ias exposure to the development of these latent diseases , particularly in relationship to cancer . objectives : this work summarizes research on the molecular mechanisms that underlie the increased risk of cancer development in adulthood that is associated with early - life ias exposure . discussion : epigenetic reprogramming that imparts functional changes in gene expression , the development of cancer stem cells , and immunomodulation are plausible underlying mechanisms by which early - life ias exposure elicits latent carcinogenic effects . conclusions : evidence is mounting that relates early - life ias exposure and cancer development later in life . future research should include animal studies that address mechanistic hypotheses and studies of human populations that integrate early - life exposure , molecular alterations , and latent disease outcomes .","O,O,O,O,O,O,O,O,O,O,I-CH,O,O,O,O,O,O,O,O,O,O,O,O,O,O,O,O,O,O,O,O,O,O,O,O,O,O,O,O,O,O,O,I-CH,I-CH,O,I-CH,O,O,O,O,O,O,I-CH,I-CH,O,O,O,O,O,O,O,O,O,O,O,O,O,O,O,O,O,O,O,O,O,O,O,O,O,O,O,O,O,O,O,O,O,O,O,O,I-CH,O,O,O,O,O,O,O,O,O,O,O,O,O,I-DI,O,O,O,O,O,O,O,O,O,O,O,O,O,O,O,O,O,I-DI,O,O,O,O,O,O,O,O,O,O,I-CH,O,O,O,O,O,O,O,O,O,O,O,O,O,O,O,O,O,I-DI,O,O,O,O,O,O,O,O,O,O,O,O,O,O,I-CH,O,O,O,O,O,O,O,O,O,O,O,O,O,O,O,O,I-CH,O,O,I-DI,O,O,O,O,O,O,O,O,O,O,O,O,O,O,O,O,O,O,O,O,O,O,O,O,O,O,O,O,O,O,O,O,O,O,O"
"amiodarone - related pulmonary mass and unique membranous glomerulonephritis in a patient with valvular heart disease : diagnostic pitfall and new findings . amiodarone is an anti - arrhythmic drug for life - threatening tachycardia , but various adverse effects have been reported . reported herein is an autopsy case of valvular heart disease , in a patient who developed a lung mass ( 1.5 cm in diameter ) and proteinuria ( 2.76 g / day ) after treatment with amiodarone for a long time . the lung mass was highly suspected to be lung cancer on ct and positron emission tomography , but histologically the lesion was composed of lymphoplasmacytic infiltrates in alveolar walls and intra - alveolar accumulation of foamy macrophages containing characteristic myelinoid bodies , indicating that it was an amiodarone - related lesion . in addition , the lung tissue had unevenly distributed hemosiderin deposition , and abnormally tortuous capillaries were seen in the mass and in heavily hemosiderotic lung portions outside the mass . in the kidneys , glomeruli had membrane spikes , prominent swelling of podocytes and subepithelial deposits , which were sometimes large and hump - like . autoimmune diseases , viral hepatitis , malignant neoplasms or other diseases with a known relationship to membranous glomerulonephritis were not found . the present case highlights the possibility that differential diagnosis between an amiodarone - related pulmonary lesion and a neoplasm can be very difficult radiologically , and suggests that membranous glomerulonephritis might be another possible complication of amiodarone treatment .","I-CH,O,O,I-DI,I-DI,O,O,I-DI,I-DI,O,O,O,O,I-DI,I-DI,I-DI,O,O,O,O,O,O,O,I-CH,O,O,O,O,I-DI,O,O,O,O,O,I-DI,O,O,O,O,O,O,O,O,O,O,O,O,O,O,O,O,I-DI,I-DI,I-DI,O,O,O,O,O,O,O,I-DI,I-DI,O,O,O,O,O,O,O,I-DI,O,O,O,O,O,O,O,O,O,I-CH,O,O,O,O,O,O,I-DI,I-DI,O,O,O,O,O,I-DI,I-DI,O,O,O,O,O,O,O,O,O,O,O,O,O,O,O,O,O,O,O,O,O,O,O,O,O,O,O,O,O,O,O,O,O,O,O,O,O,I-CH,O,O,O,O,O,O,O,O,O,O,O,O,O,I-DI,O,O,O,O,O,O,O,O,O,O,O,O,O,O,I-DI,O,O,O,O,O,O,O,O,O,O,O,O,O,O,O,O,O,O,O,O,O,O,O,O,O,O,O,O,O,O,O,O,I-DI,I-DI,O,I-DI,I-DI,O,O,I-DI,O,O,O,O,O,O,O,O,I-DI,I-DI,O,O,O,O,O,O,O,O,O,O,O,O,O,O,O,I-CH,O,O,I-DI,I-DI,O,O,I-DI,O,O,O,O,O,O,O,O,O,I-DI,I-DI,O,O,O,O,O,O,I-CH,O,O"
"hemolytic - uremic syndrome associated with ingestion of quinine . hemolytic - uremic syndrome following quinine ingestion is a newly described phenomenon , with just two previous descriptions of 4 cases in the literature . we describe a 5th case . the reaction may be mediated by the presence of antibodies reactive against platelets in the presence of quinine . treatment has included use of plasma exchange , prednisone , aspirin , and dipyridamole . the patients have all regained some degree of renal function . however , it is unclear whether pharmacological treatment or spontaneous resolution is responsible for the improvement . quinine - associated hemolytic - uremic syndrome probably occurs more often than is recognized . it is important to recognize this reaction when it occurs and to avoid further quinine exposure , since the reaction seems to be recurrent .","I-DI,I-DI,I-DI,I-DI,O,O,O,O,I-CH,O,I-DI,I-DI,I-DI,I-DI,O,I-CH,O,O,O,O,O,O,O,O,O,O,O,O,O,O,O,O,O,O,O,O,O,O,O,O,O,O,O,O,O,O,O,O,O,O,O,O,O,O,O,O,O,O,I-CH,O,O,O,O,O,O,O,O,O,I-CH,O,I-CH,O,O,I-CH,O,O,O,O,O,O,O,O,O,O,O,O,O,O,O,O,O,O,O,O,O,O,O,O,O,O,O,O,O,I-CH,O,O,I-DI,I-DI,I-DI,I-DI,O,O,O,O,O,O,O,O,O,O,O,O,O,O,O,O,O,O,O,O,O,O,I-CH,O,O,O,O,O,O,O,O,O,O"
"fatal myeloencephalopathy due to accidental intrathecal vincristin administration : a report of two cases . we report on two fatal cases of accidental intrathecal vincristine instillation in a 5 - year old girl with recurrent acute lymphoblastic leucemia and a 57 - year old man with lymphoblastic lymphoma . the girl died seven days , the man four weeks after intrathecal injection of vincristine . clinically , the onset was characterized by the signs of opistothonus , sensory and motor dysfunction and ascending paralysis . histological and immunohistochemical investigations ( he - lfb , cd - 68 , neurofilament ) revealed degeneration of myelin and axons as well as pseudocystic transformation in areas exposed to vincristine , accompanied by secondary changes with numerous prominent macrophages . the clinical course and histopathological results of the two cases are presented . a review of all reported cases in the literature is given . a better controlled regimen for administering vincristine and intrathecal chemotherapy is recommended .","O,I-DI,O,O,O,O,I-CH,O,O,O,O,O,O,O,O,O,O,O,O,O,O,O,O,O,I-CH,O,O,O,O,O,O,O,O,O,O,I-DI,I-DI,I-DI,O,O,O,O,O,O,O,O,I-DI,I-DI,O,O,O,O,O,O,O,O,O,O,O,O,O,O,O,I-CH,O,O,O,O,O,O,O,O,O,O,O,I-DI,I-DI,I-DI,I-DI,I-DI,I-DI,O,O,I-DI,O,O,O,O,O,O,O,O,O,O,O,O,O,O,O,O,O,I-DI,I-DI,I-DI,I-DI,I-DI,O,O,O,I-DI,I-DI,O,O,O,O,I-CH,O,O,O,O,O,O,O,O,O,O,O,O,O,O,O,O,O,O,O,O,O,O,O,O,O,O,O,O,O,O,O,O,O,O,O,O,O,O,O,O,O,I-CH,O,O,O,O,O,O"
"vasopressin in the treatment of milrinone - induced hypotension in severe heart failure . the use of phosphodiesterase inhibitors such as milrinone in the treatment of severe heart failure is frequently restricted because they cause vasodilation and hypotension . in patients with decompensated heart failure with hypotension after treatment with milrinone , low doses of vasopressin restored blood pressure without inhibiting the inotropic effect of milrinone .","I-CH,O,O,O,O,I-CH,O,O,I-DI,O,O,I-DI,I-DI,O,O,O,O,O,O,O,O,I-CH,O,O,O,O,O,I-DI,I-DI,O,O,O,O,O,O,O,O,I-DI,O,O,O,O,O,I-DI,I-DI,O,I-DI,O,O,O,I-CH,O,O,O,O,I-CH,O,O,O,O,O,O,O,O,O,I-CH,O"
